"ORDC","MODELS","SERIALS","QTY","LOAD NUMBER"
"9SU","CTD90DP4NW2","TA088749","1","9SU20251121094018"
"9SU","FUF21QRRWW","RA052560","1","9SU20251121094018"
"9SU","GFD55ESSNWW","VZ948426","1","9SU20251121094018"
"9SU","GFE28GYNFS","FA517853","1","9SU20251121094018"
"9SU","GFE28GYNFS","LA504167","1","9SU20251121094018"
"9SU","GFW550SPRRS","TZ328434","1","9SU20251121094018"
"9SU","GFW550SSNWW","VZ399238","1","9SU20251121094018"
"9SU","GNE27JYMFS","TA332302","1","9SU20251121094018"
"9SU","GRS500PVSS","LA040021","1","9SU20251121094018"
"9SU","GSS25GYPFS","LA461697","1","9SU20251121094018"
"9SU","GSS25GYPFS","SA442079","1","9SU20251121094018"
"9SU","GSS25IYNFS","HA446679","1","9SU20251121094018"
"9SU","GSS25IYNFS","TA435256","1","9SU20251121094018"
"9SU","GTS22KYNRFS","SA838990","1","9SU20251121094018"
"9SU","GTS22KYNRFS","TA739082","1","9SU20251121094018"
"9SU","GTW325ASWWW","MA164470","1","9SU20251121094018"
"9SU","GTW485ASWWB","TA146999","1","9SU20251121094018"
"9SU","GTW585BPVDG","SA174625","1","9SU20251121094018"
"9SU","GUD27ESSMWW","MA079749","1","9SU20251121094018"
"9SU","GUD27ESSMWW","SA080279","1","9SU20251121094018"
"9SU","GUD27ESSMWW","TA036174","1","9SU20251121094018"
"9SU","GUD27ESSMWW","TA084297","1","9SU20251121094018"
"9SU","GWE22JYMFS","LA385171","1","9SU20251121094018"
"9SU","JBS360RTSS","TA452225","1","9SU20251121094018"
"9SU","JBS86SPSS","RA034840","1","9SU20251121094018"
"9SU","JGBS66REKSS","LA421255","1","9SU20251121094018"
"9SU","JGBS66REKSS","MA411772","1","9SU20251121094018"
"9SU","JVM3160DFBB","RA204103","1","9SU20251121094018"
"9SU","JVM3160DFWW","SA206008","1","9SU20251121094018"
"9SU","JVM3160RFSS","FA223057","1","9SU20251121094018"
"9SU","JVM3160RFSS","RA214406","1","9SU20251121094018"
"9SU","JVM3160RFSS","RA240520","1","9SU20251121094018"
"9SU","JVM7195SKSS","AA205951","1","9SU20251121094018"
"9SU","PFW870SPVRS","DA347548","1","9SU20251121094018"
"9SU","PFW870SPVRS","VZ310831","1","9SU20251121094018"
"9SU","PGD29BYTFS","MA147846","1","9SU20251121094018"
"9SU","PJE23BYWFS","SA132551","1","9SU20251121094018"
"9SU","PP9830DRBB","MA008904","1","9SU20251121094018"
"9SU","PTD60EBPRDG","RA720867","1","9SU20251121094018"
"9SU","PTD60EBPRDG","RA720883","1","9SU20251121094018"
"9SU","PTD70EBPTDG","SA553787","1","9SU20251121094018"
"9SU","PTD70EBSTWS","SA566740","1","9SU20251121094018"
"9SU","PVD28BYNFS","FA532176","1","9SU20251121094018"
"9SU","PVD28BYNFS","MA502721","1","9SU20251121094018"
"9SU","PVD28BYNFS","SA518840","1","9SU20251121094018"
